{
    "VV": {
        "null": [
            0.7805814453840688,
            0.0830549550392569
        ],
        "lee_improved": [
            0.7702637493934935,
            0.12681303728993876
        ],
        "boxcar": [
            0.780580285649399,
            0.07203742189529165
        ]
    },
    "VH": {
        "null": [
            0.6491104769492356,
            0.10372011679447032
        ],
        "lee_improved": [
            0.64186853853089,
            0.12645401587252877
        ],
        "boxcar": [
            0.6491101561652024,
            0.09180677389028856
        ]
    },
    "VV-VH lin. Ratio": {
        "null": [
            0.5480719242894126,
            0.03270835794041488
        ],
        "lee_improved": [
            0.5544186853486945,
            0.06286965761237547
        ]
    },
    "hue(VV, VV-VH lin. Ratio, VH)": {
        "null": [
            0.1407380378540035,
            0.07604367623095784
        ],
        "lee_improved": [
            0.14376945255077186,
            0.0792054158859897
        ]
    },
    "saturation(VV, VV-VH lin. Ratio, VH)": {
        "null": [
            0.8778731157388906,
            0.07710538896875747
        ],
        "lee_improved": [
            0.8796195986401183,
            0.0737645424886801
        ]
    },
    "value(VV, VV-VH lin. Ratio, VH)": {
        "null": [
            0.7813611066795703,
            0.08176438610716129
        ],
        "lee_improved": [
            0.7869758430843459,
            0.08275462906722537
        ]
    },
    "AWEI": {
        "null": [
            -8785.955745144496,
            4233.976510703868
        ]
    },
    "AWEISH": {
        "null": [
            -2469.012250052558,
            2218.4178366114193
        ]
    },
    "NDWI": {
        "null": [
            -0.27832624601915223,
            0.27309867669961213
        ]
    },
    "MNDWI1": {
        "null": [
            0.18534978191796728,
            0.27121210282350233
        ]
    },
    "NDVI": {
        "null": [
            0.384324314265879,
            0.2636602288388456
        ]
    },
    "hue(SWIR-2, NIR, Red)": {
        "null": [
            0.626941952299949,
            0.12520478074208136
        ]
    },
    "saturation(SWIR-2, NIR, Red)": {
        "null": [
            0.6156757748219419,
            0.20508866366369563
        ]
    },
    "value(SWIR-2, NIR, Red)": {
        "null": [
            0.17121607621172702,
            0.0644656689632948
        ]
    },
    "hue(Red, Green, Blue)": {
        "null": [
            0.8692273120090669,
            0.2233144346034608
        ]
    },
    "saturation(Red, Green, Blue)": {
        "null": [
            0.4428833325811075,
            0.14672370601774753
        ]
    },
    "value(Red, Green, Blue)": {
        "null": [
            0.1201212779639429,
            0.06358807311136375
        ]
    },
    "Coastal": {
        "null": [
            1626.916002243284,
            700.1713384623794
        ]
    },
    "Blue": {
        "null": [
            1396.0347063125125,
            739.0945268205029
        ]
    },
    "Green": {
        "null": [
            1364.0611841716463,
            735.2482387959476
        ]
    },
    "Red": {
        "null": [
            1218.228479188586,
            864.9366949997805
        ]
    },
    "RedEdge-1": {
        "null": [
            1466.0729066303797,
            776.880335803728
        ]
    },
    "RedEdge-2": {
        "null": [
            2386.9029753700133,
            921.3683430927465
        ]
    },
    "RedEdge-3": {
        "null": [
            2845.6125627699353,
            1084.3734609719754
        ]
    },
    "NIR": {
        "null": [
            2622.9579689237808,
            1022.634180067057
        ]
    },
    "Narrow NIR": {
        "null": [
            3077.482214806572,
            1196.4425531763254
        ]
    },
    "Water Vapor": {
        "null": [
            486.87436781989203,
            336.61105431314775
        ]
    },
    "Cirrus": {
        "null": [
            63.778610078115314,
            143.99923282248628
        ]
    },
    "SWIR-1": {
        "null": [
            2030.6476302373976,
            980.8706134697658
        ]
    },
    "SWIR-2": {
        "null": [
            1179.166072209676,
            764.6083655721073
        ]
    }
}